node_id,community_0_prob,community_1_prob
0,0.48424169421195984,0.4771662652492523
1,0.5096779465675354,0.4608626067638397
2,0.49506670236587524,0.5414594411849976
3,0.5330862998962402,0.5123641490936279
4,0.47799164056777954,0.5190853476524353
5,0.5685530304908752,0.4962746500968933
