node_id,community_0_prob,community_1_prob
0,0.5069781541824341,0.47962626814842224
1,0.5339083671569824,0.4733303189277649
2,0.5146657228469849,0.5628921389579773
3,0.5409185886383057,0.5368816256523132
4,0.4837021231651306,0.5437560081481934
5,0.5934692025184631,0.5210622549057007
